"","Mut_ID","intercept","slope"
"1",6,-0.0031803019821343,0.00371890089663492
"2",17,0.220854787199328,-0.434545215715424
"3",19,0.016430234480677,-0.0534416632696092
"4",28,0.040965481607847,-0.203041304780721
"5",31,0.0740838584713706,-0.154041259785026
"6",33,0.155127352404201,-0.332846261334892
"7",51,-0.0104557737031351,-0.0113775534561647
"8",53,0.12725314033991,-0.187949365716197
"9",72,0.295089390550452,-0.479234290455354
"10",81,0.0259477271264459,-0.093732906747307
"11",90,-0.113607142846838,0.0801453700890805
"12",101,0.0904998033438108,-0.189849318106852
"13",103,-0.0409543798139056,-0.0350593434778497
"14",104,-0.0638174240342616,0.066320037626832
"15",126,0.506712860015441,-0.829134874231076
"16",131,-0.0345836416448251,0.0290912782519652
"17",161,-0.10442932989856,-0.027024838202341
"18",163,0.0346165420357074,-0.115404679898137
"19",166,0.220832968718085,-0.295062396508815
"20",168,0.247165502905235,-0.33825840870342
"21",173,-0.00618342595551526,0.0148189017197589
"22",180,0.0848368353648761,-0.126869678034369
"23",188,0.213231226096955,-0.360208713883734
"24",197,0.0053005972865605,-0.0516369530649125
"25",199,0.00585497404982492,-0.0113646387845304
"26",201,0.126991392020329,-0.400127132238209
"27",204,-0.0140920584491298,-0.0298719134133129
"28",209,-0.170940407647402,0.102507202510818
"29",219,0.00802197075232443,-0.00735610791651793
"30",222,0.145190759358059,-0.31211755728756
"31",229,0.000120346938210167,-0.0600289035010817
"32",248,0.00409859394576352,-0.00713204821858723
"33",264,0.500859894520104,-0.817349987246638
"34",274,-0.131432572464797,0.187587291844576
"35",280,-0.0127822793377158,-0.0225770204025849
"36",286,0.119698968237993,-0.303288055975533
"37",306,0.015977568666758,-0.0269239114461351
"38",307,0.0189270043925114,-0.0588747724165447
"39",317,0.138286514968551,-0.260571700924344
"40",325,-0.0146113215887419,-0.00243483362849737
"41",328,0.0964173660449364,-0.187410938133286
"42",369,-0.00203581783242222,0.0140231295858458
"43",370,0.0906637214831061,-0.217423072934271
"44",374,0.0316445061191164,-0.156667048062114
"45",377,0.0100745227082667,-0.0883205169469201
"46",388,0.008075343014417,-0.0505414073497086
"47",399,0.0187033099508644,-0.069155754453765
"48",402,0.0387037430273277,-0.0718019172919207
"49",403,0.0321277229568043,-0.140950350581891
"50",405,0.0388317556679769,-0.183685530275226
"51",410,0.233286711875885,-0.5248179853983
"52",431,0.156409973417272,-0.268946692874186
"53",436,-0.0243879630270782,-0.0131759378624456
"54",448,0.0736943514015673,-0.198591093702176
"55",451,0.0984925157236696,-0.109507670139215
"56",457,0.0786311646498777,-0.171550485367007
"57",467,0.0054311364505898,-0.0249842665344421
"58",482,0.055955353572044,-0.0826880755905155
"59",490,0.0802803893008911,-0.129737577164407
"60",500,0.248434484545998,-0.441780029528907
"61",517,0.130037316821799,-0.232707613159848
"62",552,-0.0151864892593778,-0.0137375473629489
"63",580,0.0869751383311889,-0.123498688194866
"64",594,0.326574133902223,-0.50695116145258
"65",599,0.0101890408525359,-0.0235355673748618
"66",603,-0.0772652665352172,0.10690150270567
"67",621,0.0008900758054156,-0.00102890932631996
"68",631,0.0188255489824384,-0.0176364806176096
"69",645,0.366262301040696,-0.582578270257109
"70",648,0.368351694912682,-0.621868392480717
"71",668,0.514428619653564,-0.852215250441284
"72",676,0.111950367825673,-0.204791806849723
"73",688,-0.0724494641966064,0.09391179073608
"74",690,0.0155544907306525,-0.0938534314735009
"75",699,0.305678348500194,-0.576915666231639
"76",702,0.206737768706739,-0.339130308388278
"77",721,0.0499455440261799,-0.119123733832694
"78",724,0.152549752061243,-0.234876165638069
"79",745,0.182189687772114,-0.376647911177654
"80",750,0.312514578206891,-0.599424271679035
"81",753,0.214147412265661,-0.358449553120505
"82",756,0.177519679384043,-0.327970387997005
"83",758,0.0442216327596213,-0.0683321876621866
"84",762,0.0477853664080275,-0.261386045296134
"85",783,0.00545043838346453,-0.00718031913354425
"86",804,0.00751934443183991,-0.117599515469337
"87",847,0.0439141418384535,-0.0756451339758853
"88",850,0.0293165326097733,-0.0720598577052014
"89",858,0.0437577846462766,-0.0765527351811684
"90",871,0.152622164340628,-0.255987327865447
"91",872,-0.0480826954512714,0.0694545166798388
"92",873,0.0387628719718256,-0.109893643984985
"93",875,0.0777395498889715,-0.177875849322423
"94",881,0.0853237300856331,-0.124761206186382
"95",888,0.0700880550110186,-0.119981518707758
"96",905,0.235885639643467,-0.322737542988605
"97",942,-0.00453456219566901,0.00644565217173223
"98",961,0.0480266603833468,-0.161397629828467
"99",990,-0.0256255307925919,0.00223493416784918
"100",995,-0.0280063157905009,0.0165916048712885
